delete from Uses;
delete from Users;
delete from Devices;


-- Populate Users table with 100 records
INSERT INTO Users (UserID, UserName, UserType) VALUES
(1,'JohnDoe','Regular'),(2,'JaneDoe','Administrator'),(3,'BobSmith','Regular'),(4,'SarahJohnson','Visitor'),(5,'MikeWilliams','Regular'),(6,'EmilyDavis','Administrator'),(7,'JosephBrown','Regular'),(8,'LauraMiller','Administrator'),(9,'DavidWilson','Regular'),(10,'AmandaThomas','Administrator'),(11,'ChristopherMoore','Regular'),(12,'JessicaTaylor','Administrator'),(13,'MatthewAnderson','Regular'),(14,'AshleyMartinez','Administrator'),(16,'SamanthaGarcia','Administrator'),(17,'AndrewRobinson','Regular'),(18,'KatieLewis','Administrator'),(20,'AshleyHernandez','Administrator'),(21,'DanielBarnes','Regular'),(22,'EmmaGonzalez','Administrator'),(23,'JosephRivera','Regular'),(24,'OliviaWatson','Administrator'),(25,'MatthewSanders','Regular'),(26,'SophiaMorgan','Visitor'),(27,'JoshuaMartinez','Regular'),(28,'AvaThompson','Administrator'),(29,'AndrewGarcia','Regular'),(30,'AbigailRobinson','Administrator'),(31,'DavidLewis','Regular'),(32,'EmilyWalker','Administrator'),(33,'JosephHernandez','Visitor'),(34,'MadissonBarnes','Administrator'),(35,'ChristopherGonzalez','Regular'),(36,'SophiaRivera','Administrator'),(37,'AndrewWatson','Regular'),(38,'AvaSanders','Administrator'),(39,'JoshuaMorgan','Regular'),(40,'IsabellaMartinez','Administrator'),(41,'MatthewThompson','Regular'),(42,'MiaGarcia','Regular'),(43,'DanielRobinson','Regular'),(44,'EmilyLewis','Administrator'),(45,'JosephWalker','Visitor'),(46,'ArianaHernandez','Administrator'),(47,'AndrewBarnes','Regular'),(48,'GraceGonzalez','Administrator'),(49,'JoshuaRivera','Regular'),(50,'ChloeWatson','Administrator'),(51,'JacobMiller','Administrator'),(52,'SophiaWilliams','Administrator');

-- Populate Devices table with 100 records
INSERT INTO Devices (DeviceID, DeviceName, DeviceType) VALUES
(1,'iPhone 13 Pro','Smartphone'),(2,'Samsung Galaxy S21','Smartphone'),(3,'MacBook Air M1','Laptop'),(4,'iPad Pro 12.9-inch','Tablet'),(5,'Google Pixel 6','Smartphone'),(6,'Microsoft Surface Pro 8','Tablet'),(7,'OnePlus 9 Pro','Smartphone'),(8,'Dell XPS 13','Laptop'),(9,'Samsung Galaxy Tab S7','Tablet'),(10,'iPhone 12 Pro Max','Smartphone'),(11,'Lenovo ThinkPad X1 Carbon','Laptop'),(12,'Amazon Fire HD 10','Tablet'),(13,'Xiaomi Mi 11','Smartphone'),(14,'HP Spectre x360','Laptop'),(15,'Huawei MatePad Pro','Tablet'),(16,'iPhone SE','Smartphone'),(17,'Acer Aspire 5','Laptop'),(18,'Samsung Galaxy Tab A7','Tablet'),(19,'Google Pixel 5','Smartphone'),(20,'Asus ZenBook Pro Duo','Laptop'),(21,'iPad Air','Tablet'),(22,'OnePlus 9','Smartphone'),(23,'Dell XPS 15','Laptop'),(24,'Samsung Galaxy Tab S6 Lite','Tablet'),(25,'iPhone 11 Pro','Smartphone'),(26,'Lenovo IdeaPad 5','Laptop'),(27,'Amazon Fire HD 8','Tablet'),(28,'Samsung Galaxy Z Fold3','Smartphone'),(29,'HP Envy x360','Laptop'),(30,'Huawei MatePad T10','Tablet'),(31,'Google Pixel 4a','Smartphone'),(32,'Acer Swift 3','Laptop'),(33,'Samsung Galaxy Tab A8','Tablet'),(34,'iPhone 12 Mini','Smartphone'),(35,'Microsoft Surface Laptop 4','Laptop'),(36,'Amazon Fire HD 8 Plus','Tablet'),(37,'Xiaomi Redmi Note 10 Pro','Smartphone'),(38,'Dell Inspiron 15','Laptop'),(39,'Lenovo Tab M10 FHD Plus','Tablet'),(40,'iPhone XR','Smartphone'),(41,'Asus ZenBook 14','Laptop'),(42,'Samsung Galaxy Tab S5e','Tablet'),(43,'Google Pixel 4','Smartphone'),(44,'Lenovo ThinkPad T490','Laptop'),(45,'Huawei MediaPad T5','Tablet'),(46,'OnePlus Nord','Smartphone'),(47,'Dell Inspiron 13','Laptop'),(48,'Amazon Fire 7','Tablet'),(49,'Samsung Galaxy A52','Smartphone'),(50,'HP Pavilion 15','Laptop'),(51,'iPhone 11','Smartphone'),(52,'Samsung Galaxy Tab S8','Tablet'),(53,'Dell XPS 17','Laptop'),(54,'iPad Mini 6','Tablet'),(55,'Google Pixel 6 Pro','Smartphone'),(56,'Microsoft Surface Go 3','Tablet'),(57,'Oppo Find X3 Pro','Smartphone'),(58,'Asus ZenBook Flip S','Laptop'),(59,'Huawei MediaPad M5','Tablet'),(60,'iPhone 8 Plus','Smartphone'),(61,'Lenovo Yoga C940','Laptop'),(62,'Amazon Fire HD 8 Kids','Tablet'),(63,'Xiaomi Mi 11 Ultra','Smartphone'),(64,'HP Spectre x360 16','Laptop'),(65,'Samsung Galaxy Tab A7 Lite','Tablet'),(66,'iPhone 7','Smartphone'),(67,'Acer Nitro 5','Laptop'),(68,'Samsung Galaxy Tab S7 FE','Tablet'),(69,'Google Pixel 4a 5G','Smartphone'),(70,'Asus VivoBook S15','Laptop'),(71,'iPad Pro 11-inch','Tablet'),(72,'OnePlus 9R','Smartphone'),(73,'Dell Inspiron 14','Laptop'),(74,'Amazon Fire HD 10 Plus','Tablet'),(75,'Samsung Galaxy S20 FE','Smartphone'),(76,'Lenovo IdeaPad Slim 7','Laptop'),(77,'Huawei MatePad T8','Tablet'),(78,'Google Pixel 3a','Smartphone'),(79,'HP Envy 17','Laptop'),(80,'Samsung Galaxy Tab A 10.1','Tablet'),(81,'iPhone SE 2020','Smartphone'),(82,'Acer Aspire 7','Laptop'),(83,'Amazon Fire 7 Kids','Tablet'),(84,'Xiaomi Redmi Note 9 Pro','Smartphone'),(85,'Microsoft Surface Laptop Go','Laptop'),(86,'iPad 9th Gen','Tablet'),(87,'OnePlus Nord N10','Smartphone'),(88,'Dell Vostro 15','Laptop'),(89,'Lenovo Tab M8','Tablet'),(90,'Google Pixel 3a XL','Smartphone'),(91,'HP Pavilion x360','Laptop'),(92,'Huawei MediaPad M6','Tablet'),(93,'iPhone XS','Smartphone'),(94,'Asus VivoBook 15','Laptop'),(95,'Samsung Galaxy Tab A 8.0','Tablet'),(96,'Google Pixel 3','Smartphone'),(97,'Lenovo IdeaPad 3','Laptop'),(98,'Amazon Fire HD 8 Kids Pro','Tablet'),(99,'Oppo Reno5 Pro','Smartphone'),(100,'Acer Swift 5','Laptop');

-- Populate Uses table with 100 records

INSERT INTO Uses (UserID, DeviceID, UsageDate, UsageDuration) VALUES
(1,83,'2023-10-18',71),(1,90,'2023-10-16',163),(1,99,'2024-01-11',274),(1,100,'2023-05-31',351),(2,63,'2023-06-07',135),(2,83,'2023-04-26',242),(2,90,'2023-10-15',104),(2,99,'2023-03-28',53),(2,100,'2024-01-22',130),(3,81,'2023-05-11',90),(3,83,'2023-11-23',61),(3,90,'2024-03-21',97),(3,99,'2023-04-17',33),(3,100,'2024-03-28',272),(4,83,'2024-03-07',173),(4,90,'2023-10-18',329),(4,99,'2023-06-14',155),(4,100,'2023-11-04',300),(5,17,'2023-06-26',255),(5,83,'2023-06-13',39),(5,90,'2024-01-22',207),(5,99,'2023-12-15',233),(5,100,'2023-05-04',138),(6,35,'2023-05-30',120),(6,83,'2023-11-20',82),(6,90,'2023-07-05',367),(6,99,'2024-02-17',37),(6,100,'2023-11-09',354),(7,53,'2023-05-03',75),(7,83,'2023-11-07',8),(7,90,'2024-03-20',127),(7,99,'2023-11-20',91),(7,100,'2023-09-27',379),(8,69,'2023-04-14',330),(8,83,'2024-03-16',297),(8,90,'2023-11-27',300),(8,99,'2023-09-18',187),(8,100,'2023-04-08',256),(9,62,'2023-04-08',300),(9,83,'2023-04-22',179),(9,89,'2023-06-18',135),(9,90,'2024-02-09',401),(9,99,'2023-08-18',29),(9,100,'2023-08-09',343),(10,7,'2023-05-22',270),(10,83,'2023-12-24',124),(10,90,'2023-06-23',174),(10,99,'2023-07-11',57),(10,100,'2023-05-28',398),(11,15,'2023-04-25',75),(11,31,'2021-09-28',234),(11,76,'2022-03-09',297),(11,83,'2023-11-20',130),(11,99,'2023-05-11',223),(12,31,'2021-08-23',148),(12,76,'2022-03-09',147),(12,83,'2024-01-23',149),(12,99,'2024-02-05',115),(13,31,'2021-09-06',280),(13,61,'2023-06-10',165),(13,76,'2021-04-19',246),(13,83,'2024-03-18',166),(13,99,'2023-09-06',168),(14,31,'2021-10-28',406),(14,50,'2023-04-04',75),(14,76,'2022-01-04',409),(14,79,'2023-05-14',60),(14,83,'2023-06-29',297),(14,99,'2024-01-19',50),(16,15,'2023-06-29',180),(16,31,'2021-08-18',179),(16,76,'2021-05-01',249),(16,83,'2023-06-19',243),(16,99,'2023-11-25',32),(17,31,'2021-08-21',128),(17,33,'2023-06-02',60),(17,76,'2021-10-06',271),(17,77,'2023-04-17',150),(17,83,'2023-06-08',150),(17,99,'2023-08-28',151),(18,31,'2021-06-04',415),(18,51,'2023-05-06',105),(18,76,'2022-01-08',167),(18,83,'2024-02-02',48),(18,99,'2023-05-27',177),(20,31,'2021-06-19',354),(20,76,'2021-08-29',92),(20,83,'2023-10-24',168),(20,87,'2023-06-21',105),(20,99,'2023-09-27',192),(21,5,'2023-05-25',195),(21,83,'2023-08-25',54),(21,99,'2023-06-20',254),(22,15,'2020-07-27',284),(22,28,'2020-05-17',239),(22,40,'2020-08-14',275),(22,63,'2023-04-28',165),(22,83,'2024-01-15',110),(22,85,'2020-04-19',299),(22,99,'2023-04-02',94),(23,15,'2020-05-27',384),(23,28,'2020-05-09',71),(23,40,'2021-02-15',272),(23,83,'2023-12-05',107),(23,85,'2020-06-04',379),(23,99,'2023-07-28',92),(24,15,'2020-04-17',246),(24,28,'2021-02-01',96),(24,40,'2020-07-29',369),(24,59,'2023-06-13',80),(24,83,'2023-04-27',131),(24,85,'2021-02-25',370),(24,99,'2023-08-23',291),(25,7,'2023-04-09',45),(25,15,'2020-09-16',330),(25,28,'2021-03-29',297),(25,40,'2020-07-26',64),(25,77,'2023-05-17',120),(25,83,'2023-09-28',25),(25,85,'2020-11-03',197),(25,99,'2024-02-10',193),(26,10,'2021-12-22',384),(26,63,'2021-07-11',388),(26,83,'2023-03-29',197),(26,99,'2023-05-05',141),(27,10,'2021-11-04',147),(27,63,'2021-07-28',388),(27,75,'2023-04-20',420),(27,83,'2023-11-22',203),(27,99,'2023-07-05',45),(28,10,'2021-11-15',417),(28,31,'2023-06-05',300),(28,63,'2021-09-01',195),(28,83,'2023-10-31',277),(28,99,'2023-08-12',177),(29,10,'2022-03-29',282),(29,49,'2023-05-09',135),(29,63,'2021-05-02',221),(29,83,'2023-10-09',141),(29,99,'2024-02-05',255),(30,10,'2021-05-30',320),(30,63,'2021-05-11',311),(30,83,'2023-03-24',171),(30,99,'2023-05-06',249),(31,18,'2023-04-05',60),(31,26,'2020-11-06',164),(31,65,'2021-01-16',399),(31,83,'2023-05-14',172),(31,85,'2023-06-24',60),(31,95,'2020-11-21',184),(31,99,'2023-09-14',29),(32,3,'2023-05-28',255),(32,26,'2020-07-30',354),(32,65,'2020-04-02',357),(32,83,'2023-12-05',224),(32,95,'2020-05-08',82),(32,99,'2023-04-18',104),(33,26,'2020-05-14',102),(33,61,'2023-05-01',120),(33,65,'2020-09-14',338),(33,83,'2023-05-14',8),(33,95,'2020-06-26',360),(33,99,'2023-04-10',211),(34,26,'2020-10-02',134),(34,57,'2023-04-12',90),(34,65,'2020-07-26',299),(34,83,'2023-08-26',230),(34,95,'2020-10-07',411),(34,99,'2023-07-23',63),(35,26,'2020-08-16',376),(35,57,'2023-06-16',65),(35,65,'2020-12-07',180),(35,83,'2024-02-05',94),(35,95,'2020-07-07',310),(35,99,'2024-03-02',189),(36,26,'2020-11-12',91),(36,65,'2020-10-06',283),(36,75,'2023-05-20',135),(36,83,'2024-01-09',12),(36,95,'2020-10-30',295),(36,99,'2023-03-23',26),(37,26,'2020-10-22',398),(37,65,'2020-08-19',78),(37,73,'2023-04-23',270),(37,83,'2023-08-12',277),(37,95,'2020-04-09',164),(37,99,'2023-10-09',296),(38,26,'2020-05-06',181),(38,65,'2020-10-28',70),(38,83,'2023-06-07',53),(38,95,'2020-08-22',402),(38,99,'2023-08-24',275),(39,26,'2020-08-29',411),(39,29,'2023-06-08',210),(39,65,'2020-10-05',311),(39,83,'2023-09-18',3),(39,95,'2020-11-21',163),(39,99,'2023-05-15',153),(40,26,'2021-03-14',299),(40,47,'2023-05-12',165),(40,65,'2020-07-19',232),(40,83,'2023-09-11',178),(40,95,'2020-09-18',182),(40,99,'2023-03-27',123),(41,83,'2023-10-28',59),(41,99,'2024-02-21',51),(42,73,'2023-04-01',120),(42,83,'2023-06-08',104),(42,99,'2023-08-14',152),(43,1,'2023-05-31',180),(43,83,'2023-11-08',239),(43,99,'2023-06-29',36),(44,19,'2023-05-04',60),(44,45,'2023-04-15',60),(44,83,'2023-05-06',299),(44,99,'2023-10-21',217),(45,83,'2023-11-16',222),(45,99,'2023-11-13',181),(46,55,'2023-06-19',90),(46,83,'2023-07-24',26),(46,99,'2023-04-07',290),(47,73,'2023-05-23',105),(47,83,'2023-10-11',290),(47,99,'2023-04-04',277),(48,81,'2023-04-26',195),(48,83,'2023-09-25',164),(48,99,'2023-07-04',244),(49,83,'2023-12-16',202),(49,99,'2023-04-23',37),(50,27,'2023-06-11',330),(50,83,'2023-08-23',261),(50,99,'2023-05-07',2),(51,13,'2021-06-24',108),(51,45,'2023-05-15',80),(51,60,'2022-01-25',152),(51,61,'2021-09-16',118),(51,62,'2021-09-01',281),(51,63,'2022-01-26',182),(51,83,'2023-08-11',135),(51,88,'2021-08-15',318),(51,99,'2023-10-24',6),(52,13,'2022-01-04',339),(52,60,'2021-04-30',413),(52,61,'2021-10-03',89),(52,62,'2022-02-15',111),(52,63,'2021-11-27',185),(52,83,'2023-10-25',205),(52,88,'2022-03-23',235),(52,99,'2023-05-08',89),(52,54,'2023-05-18',59),(50,54,'2023-06-21',79),(25,54,'2022-06-21',209),(25,71,'2022-12-21',221),(36,71,'2021-12-21',141),(36,4,'2020-12-21',141),(34,4,'2023-04-22',8),(6,86,'2023-05-19',80);

